Date,Open,High,Low,Close,Volume,MA5,MA10,MA15,STD5,y_high,y_low,y_close,y_range,y_volume,y_close_open,UP,is_Monday
02/01/2020,315.539571,316.8561944,314.5545366,316.8366699,59151200,314.0317749,312.7973816,310.8805888,0.856061205,314.1644045,312.2333551,313.901062,1.9310494,57077300,-1.638509,0,0
03/01/2020,313.2184098,315.6370955,313.1598959,314.4375,77709700,314.7417786,313.4667542,311.717627,1.389520106,316.8561944,314.5545366,316.8366699,2.3016578,59151200,3.6182601,1,0
06/01/2020,312.5649842,315.7248864,312.438194,315.6371155,55653900,314.6384033,313.8942719,312.3371379,1.388976239,315.6370955,313.1598959,314.4375,2.4771996,77709700,1.8725158,0,1
07/01/2020,315.0323802,315.5395408,314.2716692,314.7495728,40496400,314.7905518,314.3146149,312.8612874,1.461341037,315.7248864,312.438194,315.6371155,3.2866924,55653900,0.6047353,1,0
08/01/2020,314.9543925,317.7241619,314.6910797,316.427063,68296000,315.112384,314.509668,313.313975,1.151402019,315.5395408,314.2716692,314.7495728,1.2678716,40496400,-0.2048197,0,0
09/01/2020,318.094758,318.6506703,317.4705696,318.5726318,48473300,315.6175842,314.8246796,313.7374491,1.035356215,317.7241619,314.6910797,316.427063,3.0330822,68296000,-1.667695,0,0
10/01/2020,319.1968305,319.3626101,317.1585152,317.6558838,53029300,315.9647766,315.3532776,314.2994283,1.653123834,318.6506703,317.4705696,318.5726318,1.1801007,48473300,-0.6241987,1,0
13/01/2020,318.319093,319.8502476,317.8607139,319.8405151,47086800,316.6084534,315.6234283,314.798999,1.531906039,319.3626101,317.1585152,317.6558838,2.2040949,53029300,-0.6632092,0,1
14/01/2020,319.3723695,320.4939265,318.7579433,319.3528748,62832800,317.4491333,316.1198425,315.3594543,1.959333859,319.8502476,317.8607139,319.8405151,1.9895337,47086800,0.4681456,1,0
15/01/2020,319.2553599,320.8840478,319.167589,320.074585,72056600,318.3697937,316.7410889,315.7963765,1.365144974,320.4939265,318.7579433,319.3528748,1.7359832,62832800,0.0975149,0,0
16/01/2020,321.5472274,322.7370605,321.3034094,322.7370605,54050300,319.0992981,317.3584412,316.2495524,0.990670291,320.8840478,319.167589,320.074585,1.7164588,72056600,-1.4726424,0,0
17/01/2020,323.4978201,323.9659318,322.6688327,323.7416382,95846000,319.9321838,317.9484802,316.8795797,1.831198754,322.7370605,321.3034094,322.7370605,1.4336511,54050300,-0.7607596,0,0
21/01/2020,322.7175936,323.9659409,322.6395849,323.1076965,77742400,321.1493347,318.878894,317.4653971,1.958077801,323.9659318,322.6688327,323.7416382,1.2970991,95846000,1.0240446,1,0
22/01/2020,324.0244065,324.7168711,322.9808879,323.1466675,48914900,321.802771,319.6259521,318.014152,1.957265449,323.9659409,322.6395849,323.1076965,1.326356,77742400,-0.91671,0,0
23/01/2020,322.4542299,323.9561573,321.2643967,323.5172729,51963000,322.5615295,320.4656616,318.6812358,1.436057596,324.7168711,322.9808879,323.1466675,1.7359832,48914900,0.6924376,0,0
24/01/2020,324.2194595,324.3072304,319.2650605,320.6401978,87578400,323.2500671,321.1746826,319.3223165,0.389608034,323.9561573,321.2643967,323.5172729,2.6917606,51963000,-0.7021866,1,0
27/01/2020,315.0422007,317.0805162,314.6813547,315.5005798,84062500,322.8306946,321.3814392,319.575885,1.252602631,324.3072304,319.2650605,320.6401978,5.0421699,87578400,5.5979971,1,1
28/01/2020,317.0219674,319.7429851,315.5980784,318.8067322,63834000,321.1824829,321.1659088,319.646757,3.376159386,317.0805162,314.6813547,315.5005798,2.3991615,84062500,-1.5213876,0,0
29/01/2020,320.2599152,320.5037333,318.3288654,318.5434265,53888900,320.32229,321.0625305,319.8580648,3.310282993,319.7429851,315.5980784,318.8067322,4.1449067,63834000,-1.453183,1,0
30/01/2020,316.3392984,319.8015328,315.5395978,319.5772095,75491800,319.4016418,320.9815857,320.1109884,2.948778391,320.5037333,318.3288654,318.5434265,2.1748679,53888900,2.2041281,0,0
31/01/2020,318.9140271,319.0798365,312.7990808,313.774353,113845600,318.6136292,320.9318481,320.3209981,1.921507259,319.8015328,315.5395978,319.5772095,4.261935,75491800,0.6631824,1,0
03/02/2020,315.3542757,318.0947883,315.2274856,316.1052246,69083000,317.2404602,320.0355774,320.0011129,2.482559612,319.0798365,312.7990808,313.774353,6.2807557,113845600,-1.5799227,0,1
04/02/2020,319.9575552,321.8495857,319.616204,320.9230652,62573200,317.3613892,319.271936,319.8977356,2.38960593,318.0947883,315.2274856,316.1052246,2.8673027,69083000,-3.8523306,0,0
05/02/2020,324.0537128,324.8534432,322.4933009,324.6291199,65951100,317.7846558,319.0534729,319.9699056,2.852262812,321.8495857,319.616204,320.9230652,2.2333817,62573200,-3.1306476,0,0
06/02/2020,325.6531593,325.9262344,324.5705917,325.7214355,50359700,319.0017944,319.2017181,320.3216553,4.225086856,324.8534432,322.4933009,324.6291199,2.3601423,65951100,-1.0240394,0,0
07/02/2020,324.5900766,325.7311283,323.4002434,323.9854126,64139400,320.2306396,319.4221344,320.698112,5.21242763,325.9262344,324.5705917,325.7214355,1.3556427,50359700,1.1313589,1,0
10/02/2020,323.0394121,326.4723594,323.0003929,326.4040833,42070000,322.2728516,319.7566559,320.7813354,3.880693966,325.7311283,323.4002434,323.9854126,2.3308849,64139400,0.9460005,0,1
11/02/2020,327.8474961,328.6862159,326.4040826,326.9697571,54864500,324.3326233,320.8470062,320.9588318,2.124458626,326.4723594,323.0003929,326.4040833,3.4719665,42070000,-1.4434128,0,0
12/02/2020,328.5008877,329.300618,328.1107848,329.0763245,43992700,325.5419617,321.6633087,321.2163025,1.231887717,328.6862159,326.4040826,326.9697571,2.2821333,54864500,-1.5311306,0,0
13/02/2020,327.5548813,329.7590058,327.2623115,328.7252197,54501900,326.4314026,322.7165985,321.611613,1.85560663,329.300618,328.1107848,329.0763245,1.1898332,43992700,1.5214432,1,0
14/02/2020,329.1641517,329.3787128,327.8865474,329.2519226,64582200,327.0321594,323.6313995,321.9588094,2.044877982,329.7590058,327.2623115,328.7252197,2.4966943,54501900,-0.438932,0,0
18/02/2020,328.1888508,329.3201701,326.9209791,328.4034119,57226200,328.0854614,325.1791565,322.5329244,1.306097305,329.3787128,327.8865474,329.2519226,1.4921654,64582200,1.0630718,1,0
19/02/2020,329.437184,330.6952636,329.134852,329.9735718,48814700,328.4853271,326.4089752,323.3931132,0.908041521,329.3201701,326.9209791,328.4034119,2.399191,57226200,-1.0337721,0,0
20/02/2020,329.3884552,330.266224,325.428852,328.6180115,74163400,329.0860901,327.3140259,324.1375692,0.594032094,330.6952636,329.134852,329.9735718,1.5604116,48814700,0.5851166,1,0
21/02/2020,327.1745774,327.5061664,324.3560263,325.2337952,113788200,328.9944275,327.712915,324.8092082,0.63017628,330.266224,325.428852,328.6180115,4.837372,74163400,1.4434341,1,0
24/02/2020,315.1494934,325.3118137,313.2964523,314.4472961,161088400,328.2961426,327.664151,325.1863139,1.817990796,327.5061664,324.3560263,325.2337952,3.1501401,113788200,10.0843018,1,1
25/02/2020,315.9296538,316.5830695,303.9825703,304.9188232,218913200,325.3352173,326.7103394,325.2311768,6.329731458,325.3118137,313.2964523,314.4472961,12.0153614,161088400,-1.4823577,1,0
26/02/2020,306.4110247,310.2438375,303.0170964,303.7973022,194773800,320.6382996,324.5618134,324.4854167,10.69313037,316.5830695,303.9825703,304.9188232,12.6004992,218913200,-1.4922015,1,0
27/02/2020,297.9066245,303.8557907,290.1532288,290.1532288,284353500,315.4030457,322.2445679,323.3436991,11.36666854,310.2438375,303.0170964,303.7973022,7.2267411,194773800,5.8906777,1,0
28/02/2020,281.5611176,290.5238722,278.4792536,288.9341736,384975800,307.7100891,318.3522583,321.0453064,13.0749249,303.8557907,290.1532288,290.1532288,13.7025619,284353500,8.5921112,1,0
02/03/2020,290.835903,301.5151451,287.1786324,301.4468689,238703600,300.4501648,314.3731537,318.5928223,10.79046881,290.5238722,278.4792536,288.9341736,12.0446186,384975800,-1.9017294,0,1
03/03/2020,301.8467655,306.0794436,290.2117746,292.8157349,300139100,297.8500793,311.5926483,317.0902527,7.697538244,301.5151451,287.1786324,301.4468689,14.3365127,238703600,-0.3998966,1,0
04/03/2020,298.550302,305.3577123,295.8292844,305.1236267,176613400,295.4294617,308.0338806,314.8510295,6.765517617,306.0794436,290.2117746,292.8157349,15.867669,300139100,-5.7345671,0,0
05/03/2020,297.4385093,300.8421996,292.5914055,294.9808044,186366800,295.6947266,305.5488861,313.3946208,7.188413717,305.3577123,295.8292844,305.1236267,9.5284279,176613400,7.6851174,1,0
06/03/2020,285.9010408,291.3918281,283.0532627,290.1044617,228667200,296.6602417,302.1851654,311.1215861,6.554264958,300.8421996,292.5914055,294.9808044,8.2507941,186366800,9.0797636,1,0
09/03/2020,268.4924322,277.1626166,266.6882024,267.4489136,309417300,296.8942993,298.6722321,308.5468689,6.221851915,291.3918281,283.0532627,290.1044617,8.3385654,228667200,21.6120295,1,1
10/03/2020,277.601467,281.3854978,266.7369214,281.2879944,276444100,290.0947083,293.9723938,304.4266683,13.87424253,277.1626166,266.6882024,267.4489136,10.4744142,309417300,-10.1525534,0,0
11/03/2020,273.7589359,274.968264,264.1817552,267.5756836,255316300,287.7891602,291.6093109,301.2856405,14.26144178,281.3854978,266.7369214,281.2879944,14.6485764,276444100,7.5290585,1,0
12/03/2020,249.669674,260.0660788,241.5554025,241.9747772,392220700,280.2795715,287.987149,297.1257813,12.6460091,274.968264,264.1817552,267.5756836,10.7865088,255316300,17.9060096,1,0
13/03/2020,256.5843823,264.7669311,242.3746728,262.6603394,329566100,269.6783661,283.1693039,291.3495656,18.22696778,260.0660788,241.5554025,241.9747772,18.5106763,392220700,-14.6096051,0,0
16/03/2020,235.2161358,250.5474155,231.4906038,233.9190369,297240000,264.1895416,280.5419205,287.1780019,14.23271554,264.7669311,242.3746728,262.6603394,22.3922583,329566100,27.4442036,1,1
17/03/2020,238.9806763,249.8354748,231.2077712,246.5487976,262070500,257.4835663,273.7891373,281.8094513,19.307448,250.5474155,231.4906038,233.9190369,19.0568117,297240000,-5.0616394,0,0
18/03/2020,230.4080522,242.2283462,222.3815663,234.0653229,327597100,250.5357269,269.1624435,277.9181163,14.16568215,249.8354748,231.2077712,246.5487976,18.6277036,262070500,16.1407454,1,0
19/03/2020,233.333876,241.2628438,226.4777136,234.5627136,289322000,243.8336548,262.0566132,273.2693176,11.82149985,242.2283462,222.3815663,234.0653229,19.8467799,327597100,0.7314469,0,0
20/03/2020,237.923645,239.8268011,224.1601169,224.454422,347158800,242.3512421,256.0148041,269.5632833,12.55486581,241.2628438,226.4777136,234.5627136,14.7851302,289322000,-3.3609314,1,0
23/03/2020,223.856013,225.317704,214.1146047,218.7155304,326025200,234.7100586,249.4498001,265.2646332,7.848517909,239.8268011,224.1601169,224.454422,15.6666842,347158800,0.598409,1,1
24/03/2020,229.9676729,239.463829,229.3594533,238.5318604,235494500,231.6693573,244.5764618,259.7492106,10.66966294,225.317704,214.1146047,218.7155304,11.2030993,326025200,-11.2521425,0,0
25/03/2020,240.2192056,251.4811779,235.196454,242.1027374,299430300,230.0659698,240.3008484,256.1302856,8.188540412,239.463829,229.3594533,238.5318604,10.1043757,235494500,-1.6873452,0,0
26/03/2020,244.7809036,257.8086622,244.3198291,256.2390747,257632800,231.6734528,237.7535538,251.928893,9.800226003,251.4811779,235.196454,242.1027374,16.2847239,299430300,-2.6781662,0,0
27/03/2020,248.4596512,255.8564375,246.2818144,248.6067963,224341200,236.008725,239.1799835,249.346111,14.87722039,257.8086622,244.3198291,256.2390747,13.4888331,257632800,7.7794235,1,0
30/03/2020,250.8434922,257.4456652,248.7147087,256.680481,171369500,240.8391998,237.7746292,246.5796,14.08783866,255.8564375,246.2818144,248.6067963,9.5746231,224341200,-2.2366959,0,1
31/03/2020,255.6112113,258.3285903,251.3536441,252.8545837,194881100,248.4321899,240.0507736,245.8617045,8.171455453,257.4456652,248.7147087,256.680481,8.7309565,171369500,1.0692697,1,0
01/04/2020,243.2701288,252.766285,239.2676181,241.474884,189554600,251.2967346,240.6813522,243.9661438,6.07461309,258.3285903,251.3536441,252.8545837,6.9749462,194881100,9.5844549,1,0
02/04/2020,240.5331111,247.880844,239.9445009,247.0469971,177660400,251.1711639,241.4223083,242.2260905,6.313953226,252.766285,239.2676181,241.474884,13.4986669,189554600,0.9417729,0,0
03/04/2020,245.9973309,248.5087216,240.5625583,243.4761505,135561200,249.3327484,242.6707367,242.5642385,5.785546559,247.880844,239.9445009,247.0469971,7.9363431,177660400,1.0496662,1,0
06/04/2020,252.94284,261.9288676,243.4565041,259.8294983,188061200,248.3066193,244.5729095,241.2852926,6.371778073,248.5087216,240.5625583,243.4761505,7.9461633,135561200,-9.4666895,0,1
07/04/2020,269.0019528,269.8063858,259.8589893,260.0944214,201427200,248.9364227,248.6843063,243.0126567,7.467766443,261.9288676,243.4565041,259.8294983,18.4723635,188061200,-9.1724545,0,0
08/04/2020,262.870658,270.7579636,260.2121371,268.8253784,153774500,250.3843903,250.8405624,243.9156982,8.968501005,269.8063858,259.8589893,260.0944214,9.9473965,201427200,-2.7762366,0,0
09/04/2020,272.3079492,275.8592202,270.2380385,272.9161987,189999200,255.8544891,253.5128265,246.2330353,10.40212569,270.7579636,260.2121371,268.8253784,10.5458265,153774500,-3.4825708,0,0
13/04/2020,271.8763092,272.239277,266.255128,270.424408,114839100,261.0283295,255.1805389,248.7899343,11.31927311,275.8592202,270.2380385,272.9161987,5.6211817,189999200,1.0398895,1,1
14/04/2020,275.6433665,279.4888973,270.2772569,278.3999939,134143400,266.417981,257.3623001,251.8546,6.071848227,272.239277,266.255128,270.424408,5.984149,114839100,-5.2189585,0,0
15/04/2020,272.2981339,278.547144,270.2281934,272.4845276,121775000,270.1320801,259.5342514,255.8335642,6.683136098,279.4888973,270.2772569,278.3999939,9.2116404,134143400,6.10186,1,0
16/04/2020,273.8481412,274.7114323,270.5225425,273.7991028,131798300,272.6101013,261.4972458,258.0970754,3.630898764,278.547144,270.2281934,272.4845276,8.3189506,121775000,-1.3636136,0,0
17/04/2020,279.9597834,281.8433001,277.0363718,281.1958618,146684800,273.6048462,264.7296677,260.2101664,2.952783161,274.7114323,270.5225425,273.7991028,4.1888898,131798300,-6.1606806,0,0
20/04/2020,277.2424073,281.3430398,276.0063586,276.2417908,100109300,275.2607788,268.1445541,261.8739522,4.424772093,281.8433001,277.0363718,281.1958618,4.8069283,146684800,3.9534545,1,1
21/04/2020,271.4740747,272.7591914,266.8535102,267.8541565,126385700,276.4242554,271.4211182,263.7162852,3.504209798,281.3430398,276.0063586,276.2417908,5.3366812,100109300,4.7677161,1,0
22/04/2020,273.0633474,275.6630104,271.6506947,273.7991028,92951600,274.3150879,272.223584,264.4611969,4.909634914,272.7591914,266.8535102,267.8541565,5.9056812,126385700,-5.2091909,0,0
23/04/2020,275.1626424,278.5471285,273.4556998,273.7794189,104709700,274.5780029,273.5940521,265.8574982,4.821507233,275.6630104,271.6506947,273.7991028,4.0123157,92951600,-1.3635396,1,0
24/04/2020,275.3981347,278.311727,273.2104781,277.5955811,85063200,274.5740662,274.0894562,268.0111338,4.822310168,278.5471285,273.4556998,273.7794189,5.0914287,104709700,-1.6187158,0,0
27/04/2020,279.7047166,282.7948827,279.2142131,281.598053,77896600,273.85401,274.5573944,270.0477061,3.731878605,278.311727,273.2104781,277.5955811,5.1012489,85063200,-2.1091355,0,1
28/04/2020,285.4926364,285.8654238,279.979382,280.3031311,105270000,274.9252625,275.6747589,272.5891663,5.104862076,282.7948827,279.2142131,281.598053,3.5806696,77896600,-3.8945834,1,0
29/04/2020,285.9929373,289.2793164,284.8942144,287.6410217,118745600,277.4150574,275.8650726,273.9540751,3.611232659,285.8654238,279.979382,280.3031311,5.8860418,105270000,-5.6898062,0,0
30/04/2020,286.1695712,287.7490082,283.1088339,284.9629517,122901700,280.1834412,277.380722,275.7905151,5.131751179,289.2793164,284.8942144,287.6410217,4.385102,118745600,1.4714505,1,0
01/05/2020,279.8911335,285.1395274,276.1731082,277.4190063,125180000,282.4201477,278.4971069,276.8663534,3.941998856,287.7490082,283.1088339,284.9629517,4.6401743,122901700,5.0718182,1,0
04/05/2020,275.4078767,278.5078622,273.8284699,278.1841431,80873200,282.3848328,278.1194214,277.1665405,3.996440782,285.1395274,276.1731082,277.4190063,8.9664192,125180000,2.0111296,0,1
05/05/2020,281.1958902,283.7563044,278.3215167,280.754425,79569900,281.7020508,278.3136566,277.6838562,4.43232363,278.5078622,273.8284699,278.1841431,4.6793923,80873200,-3.0117471,0,0
06/05/2020,282.5692825,282.9812887,278.3901828,278.8512573,73632600,281.7923096,279.6036835,277.8408183,4.401200292,283.7563044,278.3215167,280.754425,5.4347877,79569900,-1.8148575,1,0
07/05/2020,282.2848032,284.2762465,281.6765835,282.2161255,75250400,280.0343567,280.1088989,278.2652669,3.019628239,282.9812887,278.3901828,278.8512573,4.5911059,73632600,-3.4335459,0,0
08/05/2020,285.5613461,287.3860349,284.3546966,286.8857117,76452400,279.4849915,280.9525696,278.8264018,1.964222155,284.2762465,281.6765835,282.2161255,2.599663,75250400,-3.3452206,0,0
11/05/2020,284.8256011,288.4160907,284.3743462,286.9445801,79514200,281.3783325,281.8815826,279.2057251,3.464510716,287.3860349,284.3546966,286.8857117,3.0313383,76452400,2.0601106,0,1
12/05/2020,288.2100769,288.6515121,281.0781363,281.2253113,95870800,283.1304199,282.4162354,279.9192444,3.65522066,288.4160907,284.3743462,286.9445801,4.0417445,79514200,-1.2654968,1,0
13/05/2020,280.6268699,281.7354126,273.661714,276.2515869,144721100,283.2245972,282.5084534,280.8106547,3.584072154,288.6515121,281.0781363,281.2253113,7.5733758,95870800,0.5984414,1,0
14/05/2020,273.6519349,279.6949121,267.8051112,279.5575867,121977900,282.7046631,281.3695099,280.9741536,4.45890699,281.7354126,273.661714,276.2515869,8.0736986,144721100,2.599652,0,0
15/05/2020,277.006971,280.8917508,275.9965349,280.8427124,111146300,282.1729553,280.8289734,281.3593648,4.684529364,279.6949121,267.8051112,279.5575867,11.8898009,121977900,2.5506157,0,0
18/05/2020,287.4840886,291.1138265,287.1407601,289.3970642,119703800,280.9643555,281.171344,281.5758403,3.874118198,280.8917508,275.9965349,280.8427124,4.8952159,111146300,-6.6413762,0,1
19/05/2020,288.7594231,290.5840818,286.4050122,286.4246216,95189300,281.4548523,282.2926361,282.0957743,4.852311869,291.1138265,287.1407601,289.3970642,3.9730664,119703800,0.6376411,1,0
20/05/2020,290.2015019,292.2125543,289.9562501,291.2904053,85861700,282.4947144,282.8596558,282.5038737,5.324919578,290.5840818,286.4050122,286.4246216,4.1790696,95189300,-3.7768803,0,0
21/05/2020,291.1530849,292.0163759,288.1119571,289.2793579,78293900,285.502478,284.1035706,282.7471659,5.161719699,292.2125543,289.9562501,291.2904053,2.2563042,85861700,0.1373204,1,0
22/05/2020,288.975264,290.0151291,287.6508984,289.8287354,63958200,287.4468323,284.8098938,283.0349264,4.080254961,292.0163759,288.1119571,289.2793579,3.9044188,78293900,0.3040939,0,0
26/05/2020,296.1954426,296.4505141,289.848326,293.3995667,88951400,289.2440369,285.1041962,283.8622416,1.7679977,290.0151291,287.6508984,289.8287354,2.3642307,63958200,-6.3667072,0,0
27/05/2020,296.3818521,297.8043243,291.231565,297.7650757,104817400,290.0445374,285.7496948,284.8766032,2.576056518,296.4505141,289.848326,293.3995667,6.6021881,88951400,-2.9822854,0,0
28/05/2020,298.8637829,301.0121906,296.4995523,297.2156982,90405200,292.3126282,287.4036713,286.0106466,3.439695146,297.8043243,291.231565,297.7650757,6.5727593,104817400,-1.0987072,1,0
29/05/2020,296.7154112,299.1679291,293.7822095,298.5401001,119090800,293.4976868,289.5000824,287.2349426,3.978044365,301.0121906,296.4995523,297.2156982,4.5126383,90405200,0.500287,0,0
01/06/2020,297.8533676,300.3941724,297.304006,299.7467041,55758300,295.3498352,291.3983337,288.3232076,3.666698534,299.1679291,293.7822095,298.5401001,5.3857196,119090800,0.6867325,0,1
02/06/2020,300.7276981,302.277706,299.3052559,302.2286377,74267200,297.333429,293.2887329,289.1806071,2.395589918,300.3941724,297.304006,299.7467041,3.0901664,55758300,-0.980994,0,0
03/06/2020,304.3476069,307.2710186,304.0533168,306.2507629,92567600,299.0992432,294.5718903,290.1995443,1.990772533,302.277706,299.3052559,302.2286377,2.9724501,74267200,-2.1189692,0,0
04/06/2020,305.2011288,307.0552468,303.2096854,305.4463806,75794400,300.7963806,296.5545044,291.8679077,3.564251524,307.2710186,304.0533168,306.2507629,3.2177018,92567600,1.0496341,1,0
05/06/2020,311.2048395,315.1680859,311.1361618,313.2747498,150524700,302.4425171,297.9701019,293.8142273,3.393668479,307.0552468,303.2096854,305.4463806,3.8455614,75794400,-5.7584589,0,0
08/06/2020,314.1380811,317.267496,313.5592905,317.0614929,73641200,305.389447,300.3696411,296.0620382,5.117479092,315.1680859,311.1361618,313.2747498,4.0319241,150524700,-0.8633313,0,1
09/06/2020,314.2165518,317.1399636,313.2944028,314.6972656,77479200,308.8524048,303.0929169,298.4766235,6.107169853,317.267496,313.5592905,317.0614929,3.7082055,73641200,2.8449411,1,0
10/06/2020,315.3153347,316.2669128,312.1760998,312.9412842,95000800,311.3461304,305.2226868,300.1633036,5.20540262,317.1399636,313.2944028,314.6972656,3.8455608,77479200,-0.6180691,1,0
11/06/2020,305.5444451,306.2213423,294.3119324,294.9005127,209243600,312.6842346,306.7403076,301.9310811,4.359300324,316.2669128,312.1760998,312.9412842,4.090813,95000800,7.3968391,1,0
12/06/2020,302.3856168,303.2096592,292.928724,298.4321594,194678900,310.575061,306.5087891,302.171755,8.911301337,306.2213423,294.3119324,294.9005127,11.9094099,209243600,-7.4851041,0,0
15/06/2020,292.3596787,302.4248195,291.103991,301.2181702,135782700,307.606543,306.497995,302.7819417,10.17037867,303.2096592,292.928724,298.4321594,10.2809352,194678900,6.0724807,0,1
16/06/2020,309.4881176,309.6450824,301.8264549,307.0159607,137627500,304.4378784,306.6451416,303.5412374,8.873548645,302.4248195,291.103991,301.2181702,11.3208285,135782700,-8.2699474,0,0
17/06/2020,308.104923,308.4188524,304.9558685,305.7406921,83398900,302.9016174,307.1238739,304.448997,7.151056836,309.6450824,301.8264549,307.0159607,7.8186275,137627500,-1.0889623,1,0
18/06/2020,304.1219963,306.3684808,303.6314928,305.8583679,80828700,301.461499,307.0728668,304.9807048,5.036024898,308.4188524,304.9558685,305.7406921,3.4629839,83398900,1.6186958,0,0
19/06/2020,309.5592531,309.7661627,302.0313633,304.1104126,135549600,303.6530701,307.1140656,305.5568827,3.664600366,306.3684808,303.6314928,305.8583679,2.736988,80828700,-3.7008852,1,0
22/06/2020,303.4699636,306.485053,302.2481713,306.0613708,74649400,304.7887207,306.1976318,305.9282369,2.248328589,309.7661627,302.0313633,304.1104126,7.7347994,135549600,0.640449,0,1
23/06/2020,308.8892059,309.8843927,307.036792,307.4703369,68471200,305.7573608,305.0976196,306.3492147,1.04873906,306.485053,302.2481713,306.0613708,4.2368817,74649400,-2.8278351,0,0
24/06/2020,305.2927797,305.95296,297.6663816,299.6271667,132813500,305.8482361,304.3749268,306.6986613,1.194606248,309.8843927,307.036792,307.4703369,2.8476007,68471200,2.1775572,1,0
25/06/2020,299.0162933,303.1251079,296.8584312,302.8393555,89468000,304.625531,303.043515,306.2570882,3.038232866,305.95296,297.6663816,299.6271667,8.2865784,132813500,0.6108734,0,0
26/06/2020,301.6667991,301.8934345,295.025725,295.6464539,127961000,304.0217285,303.8373993,306.0832865,3.031958309,303.1251079,296.8584312,302.8393555,6.2666767,89468000,1.1725564,1,0
29/06/2020,296.9865036,300.1395223,294.5428893,299.9917297,79773300,302.3289368,303.5588287,304.9080668,4.81094393,301.8934345,295.025725,295.6464539,6.8677095,127961000,-1.3400497,0,1
30/06/2020,299.5286721,305.6475565,299.3611838,303.8345337,113394800,301.1150085,303.4361847,303.7700826,4.380185209,300.1395223,294.5428893,299.9917297,5.596633,79773300,0.4630576,0,0
01/07/2020,305.0267897,307.3127489,304.5341277,305.9628296,72396500,300.3878479,303.118042,303.0459005,3.205693965,305.6475565,299.3611838,303.8345337,6.2863727,113394800,-1.192256,0,0
02/07/2020,309.6281858,311.0667804,306.9382706,307.6477051,69344200,301.6549805,303.1402557,302.5806702,3.986839459,307.3127489,304.5341277,305.9628296,2.7786212,72396500,-3.6653562,0,0
06/07/2020,311.72699,313.0177622,310.9288798,312.3970032,61713800,302.6166504,303.3191895,303.430483,4.833878215,311.0667804,306.9382706,307.6477051,4.1285098,69344200,-4.0792849,0,1
07/07/2020,310.7514817,312.8600593,308.7709708,309.1749573,82910000,305.9667603,304.1478485,304.3614726,4.594044916,313.0177622,310.9288798,312.3970032,2.0888824,61713800,1.6455215,1,0
08/07/2020,309.9927984,311.6579985,308.1108558,311.5397644,54638600,307.8034058,304.4592072,304.891925,3.246005222,312.8600593,308.7709708,309.1749573,4.0890885,82910000,-0.8178411,0,0
09/07/2020,312.190063,312.4462569,306.1204634,309.7661743,83354200,309.3444519,304.8661499,305.193512,2.668356888,311.6579985,308.1108558,311.5397644,3.5471427,54638600,-0.6502986,1,0
10/07/2020,309.6972153,313.2148296,308.169975,312.9290771,57550400,310.1051208,305.8800507,305.4618774,1.892743248,312.4462569,306.1204634,309.7661743,6.3257935,83354200,0.068959,0,0
13/07/2020,315.431763,317.9738856,309.5198193,310.2193909,102997500,311.1613953,306.8890228,305.9332581,1.634561618,313.2148296,308.169975,312.9290771,5.0448546,57550400,-2.5026859,1,1
14/07/2020,308.7020165,315.0672316,307.4211073,314.239563,93657000,310.7258728,308.3463165,306.3405233,1.508261668,317.9738856,309.5198193,310.2193909,8.4540663,102997500,1.5173744,0,0
15/07/2020,317.6783049,318.2990638,314.5843732,317.1265259,87196500,311.7387939,309.7710999,306.8857361,1.864808742,315.0672316,307.4211073,314.239563,7.6461243,93657000,-3.4387419,0,0
16/07/2020,315.0967683,316.5648914,314.4070295,316.0820923,54622500,312.8561462,311.1002991,307.529482,3.027197898,318.2990638,314.5843732,317.1265259,3.7146906,87196500,2.0297576,1,0
17/07/2020,317.1560991,317.835975,315.0474912,316.9984436,62774900,314.1193298,312.1122253,308.6264771,2.717367563,316.5648914,314.4070295,316.0820923,2.1578619,54622500,-1.0740068,0,0
20/07/2020,316.7127018,320.3584128,315.9145917,319.5603027,56308800,314.9332031,313.0472992,309.5704163,2.876499255,317.835975,315.0474912,316.9984436,2.7884838,62774900,0.2857418,0,1
21/07/2020,321.659073,322.1320093,319.1858998,320.2402039,57292200,316.8013855,313.7636292,311.1646729,1.925908213,320.3584128,315.9145917,319.5603027,4.4438211,56308800,-2.0987703,0,0
22/07/2020,319.8558721,322.3980249,319.7376381,322.0629883,57792900,318.0015137,314.8701538,312.5145711,1.795653693,322.1320093,319.1858998,320.2402039,2.9461095,57292200,0.3843318,0,0
23/07/2020,321.6787424,322.4275983,316.761985,318.2202454,75738000,318.9888062,315.9224762,313.7298014,2.436889867,322.3980249,319.7376381,322.0629883,2.6603868,57792900,0.3842459,1,0
24/07/2020,316.2397868,317.2645022,314.5647238,316.1708069,73766600,319.4164368,316.7678833,314.5469625,1.935270612,322.4275983,316.761985,318.2202454,5.6656133,75738000,1.9804586,1,0
27/07/2020,316.9097788,318.6636544,316.0623845,318.4764404,48293000,319.2509094,317.0920563,315.1151693,2.209723696,317.2645022,314.5647238,316.1708069,2.6997784,73766600,-0.7389719,0,1
28/07/2020,317.6980308,318.8902946,316.1412321,316.456543,57495000,319.034137,317.9177612,315.5204651,2.224895602,318.6636544,316.0623845,318.4764404,2.6012699,48293000,0.7784096,1,0
29/07/2020,317.3925692,320.9496045,317.3531478,320.3485413,48454200,318.2774048,318.1394592,316.0059041,2.35195755,318.8902946,316.1412321,316.456543,2.7490625,57495000,-0.9360262,0,0
30/07/2020,317.1758316,319.6490048,314.9490195,319.2055969,61861700,317.9345154,318.4616608,316.5931559,1.695428813,320.9496045,317.3531478,320.3485413,3.5964567,48454200,3.1727097,1,0
31/07/2020,321.1170703,321.8363676,316.6141326,321.7279663,84986800,318.1315857,318.7740112,317.2224508,1.791489503,319.6490048,314.9490195,319.2055969,4.6999853,61861700,-1.9114734,0,0
03/08/2020,323.5016181,324.7825275,322.9202805,323.9647217,53077900,319.2430176,319.2469635,317.8090434,1.984353445,321.8363676,316.6141326,321.7279663,5.222235,84986800,-1.7736518,0,1
04/08/2020,323.0483394,325.2160645,323.0483394,325.2160645,41917900,320.3406738,319.6874054,318.7253988,2.803267614,324.7825275,322.9202805,323.9647217,1.862247,53077900,0.9163823,0,0
05/08/2020,326.6053397,327.511851,326.3195873,327.2359314,42697700,322.0925781,320.1849915,319.4571655,2.488491267,325.2160645,323.0483394,325.2160645,2.1677251,41917900,-1.3892752,0,0
06/08/2020,326.6152209,329.5514673,326.2703515,329.4233704,43679400,323.4700562,320.7022858,320.1311259,3.11028716,327.511851,326.3195873,327.2359314,1.1922637,42697700,0.6207105,0,0
07/08/2020,328.3888355,329.9653602,327.423207,329.6599121,57308300,325.5136108,321.8225983,321.0205444,2.961051486,329.5514673,326.2703515,329.4233704,3.2811158,43679400,1.0345349,0,0
10/08/2020,330.1426777,330.8422494,328.0734912,330.6452026,44282100,327.1,323.1715088,321.8646423,2.517382593,329.9653602,327.423207,329.6599121,2.5421532,57308300,-0.4827656,0,1
11/08/2020,331.906413,332.586289,327.1374482,327.9158325,69601100,328.4360962,324.388385,322.6036357,2.188697495,330.8422494,328.0734912,330.6452026,2.7687582,44282100,-1.2612104,1,0
12/08/2020,330.5170839,333.3154005,330.4875254,332.4877319,53774400,328.9760498,325.534314,323.1153442,1.37894047,332.586289,327.1374482,327.9158325,5.4488408,69601100,-2.6012514,0,0
13/08/2020,331.6699157,333.2858616,330.9013642,331.8866882,41816100,330.0264099,326.748233,323.8103271,1.687714786,333.3154005,330.4875254,332.4877319,2.8278751,53774400,0.8178162,1,0
14/08/2020,331.4728633,332.4680502,330.6944489,331.8965454,47260400,330.5190735,328.0163422,324.7214233,1.82187517,333.2858616,330.9013642,331.8866882,2.3844974,41816100,0.4138249,0,0
17/08/2020,332.9804252,333.3745488,331.9064256,332.9508667,35481000,330.9664001,329.0332001,325.7698059,1.83273576,332.4680502,330.6944489,331.8965454,1.7736013,47260400,-1.0838798,0,1
18/08/2020,333.3745507,334.1234067,331.6699292,333.670166,38733900,331.427533,329.9318146,326.7347677,2.012920998,333.3745488,331.9064256,332.9508667,1.4681232,35481000,-0.423684,0,0
19/08/2020,334.0740896,334.6258686,331.6797595,332.2808228,68054200,332.5783997,330.7772247,327.8823425,0.755363493,334.1234067,331.6699292,333.670166,2.4534775,38733900,-0.4039236,1,0
20/08/2020,330.4382701,333.8277874,330.3003404,333.3154297,42207800,332.5370178,331.2817139,328.677828,0.767148147,334.6258686,331.6797595,332.2808228,2.9461091,68054200,1.8425527,0,0
21/08/2020,332.9607301,334.7343014,332.5961349,334.4978333,55106600,332.8227661,331.6709198,329.6184835,0.729520587,333.8277874,330.3003404,333.3154297,3.527447,42207800,0.3546996,0,0
24/08/2020,337.0990823,337.9661723,334.4682837,337.8873596,48588700,333.3430237,332.1547119,330.4698079,0.82514038,334.7343014,332.5961349,334.4978333,2.1381665,55106600,-2.601249,0,1
25/08/2020,338.4883646,339.1583777,337.2468467,339.0697021,38463400,334.3303223,332.8789276,331.3979838,2.141660345,337.9661723,334.4682837,337.8873596,3.4978886,48588700,-0.601005,0,0
26/08/2020,339.7003275,342.754808,339.11899,342.4690857,50790200,335.4102295,333.9943146,332.3215597,2.938611638,339.1583777,337.2468467,339.0697021,1.911531,38463400,-0.6306254,0,0
27/08/2020,343.3953072,344.7648921,341.4443547,343.217926,58034100,337.4478821,334.99245,333.3371033,3.667965289,342.754808,339.11899,342.4690857,3.635818,50790200,-0.9262215,0,0
28/08/2020,344.3116522,345.5728658,343.0405757,345.434906,48588900,339.4283813,336.1255737,334.2567403,3.550360371,344.7648921,341.4443547,343.217926,3.3205374,58034100,-1.0937262,0,0
31/08/2020,345.2082781,346.1443179,343.9372017,344.1835327,66099200,341.6157959,337.4794098,335.3084066,3.092909508,345.5728658,343.0405757,345.434906,2.5322901,48588900,0.2266279,1,1
01/09/2020,345.0703236,347.5336337,344.114558,347.4252625,54908700,342.8750305,338.6026764,336.2109619,2.39937664,346.1443179,343.9372017,344.1835327,2.2071162,66099200,-0.8867909,0,0
02/09/2020,349.4649087,353.4850177,348.2430863,352.4504395,69540000,344.5461426,339.978186,337.5115906,1.955060236,347.5336337,344.114558,347.4252625,3.4190757,54908700,-2.0396462,0,0
03/09/2020,350.6472833,351.1498082,337.5621804,340.321106,148011100,346.5424133,341.9951477,338.8424377,3.65811773,353.4850177,348.2430863,352.4504395,5.2419314,69540000,1.8031562,1,0
04/09/2020,341.050201,342.7252337,329.9554431,337.54245,139156300,345.9630493,342.6957153,339.4047323,4.458178933,351.1498082,337.5621804,340.321106,13.5876278,148011100,-0.729095,1,0
08/09/2020,331.7684276,337.6114217,327.99465,328.3197937,114465300,344.3845581,343.000177,339.7811259,5.866660536,342.7252337,329.9554431,337.54245,12.7697906,139156300,5.7740224,1,0
09/09/2020,332.5961373,337.4340822,331.6699302,334.8032837,91462300,341.2118103,342.0434204,339.4723877,9.29213948,337.6114217,327.99465,328.3197937,9.6167717,114465300,-4.2763436,0,0
10/09/2020,336.8034808,337.5030525,327.9651227,328.9898682,90569500,338.6874146,341.6167786,339.5479289,8.887839735,337.4340822,331.6699302,334.8032837,5.764152,91462300,-2.0001971,1,0
11/09/2020,330.8915286,332.0246452,326.1422595,329.1573486,84680200,333.9953003,340.2688568,339.3285319,5.256345,337.5030525,327.9651227,328.9898682,9.5379298,90569500,-1.9016604,0,0
14/09/2020,332.5370322,335.3846334,329.3150331,333.4927979,65605700,331.7625488,338.8627991,339.0513265,4.152731465,332.0246452,326.1422595,329.1573486,5.8823857,84680200,-3.3796836,0,1
15/09/2020,336.1137437,337.0005293,333.5026409,335.1777039,52920900,330.9526184,337.6685883,338.9843241,2.970154994,335.3846334,329.3150331,333.4927979,6.0696003,65605700,-2.6209458,0,0
16/09/2020,336.497997,338.0252371,333.5518579,333.8474731,82096000,332.3242004,336.7680054,338.8036804,3.033178099,337.0005293,333.5026409,335.1777039,3.4978884,52920900,-1.3202931,1,0
17/09/2020,328.6646867,332.7439427,328.1030448,330.9112244,91523300,332.1330383,335.4102264,338.4555318,2.86323544,338.0252371,333.5518579,333.8474731,4.4733792,82096000,5.1827864,1,0
18/09/2020,331.7708792,331.8895866,324.4503004,327.101532,105877900,332.5173096,333.2563049,337.6850077,2.432460558,332.7439427,328.1030448,330.9112244,4.6408979,91523300,-0.8596548,1,0
21/09/2020,322.2046693,323.6193156,318.2772733,323.4610291,99450800,332.1061462,331.9343475,336.6105815,3.196227872,331.8895866,324.4503004,327.101532,7.4392862,105877900,4.8968627,1,1
22/09/2020,325.0438952,327.3488771,322.3629564,326.7553101,63612100,330.0997925,330.5262054,335.1456563,4.836100234,323.6193156,318.2772733,323.4610291,5.3420423,99450800,-1.5828661,0,0
23/09/2020,327.3488872,327.6456858,318.6433379,319.1775513,93112200,328.4153137,330.3697571,333.9837748,4.023819614,327.3488771,322.3629564,326.7553101,4.9859207,63612100,-0.5935771,1,0
24/09/2020,317.7727593,323.2928631,316.3679851,320.0282898,76681300,325.4813293,328.8071838,332.1005941,4.4031544,327.6456858,318.6433379,319.1775513,9.0023479,93112200,1.404792,0,0
25/09/2020,319.1181248,326.0430023,318.1882405,325.2021484,71069400,323.3047424,327.911026,329.9391174,3.67815518,323.2928631,316.3679851,320.0282898,6.924878,76681300,0.910165,0,0
28/09/2020,329.6439852,331.3653024,328.5854609,330.6035767,64584600,322.9248657,327.515506,328.9311869,3.262602842,326.0430023,318.1882405,325.2021484,7.8547618,71069400,-4.4418368,0,1
29/09/2020,330.3859359,331.1773385,328.0611494,328.8031006,51304000,324.3533752,327.2265839,328.4685954,4.771012536,331.3653024,328.5854609,330.6035767,2.7798415,64584600,0.2176408,1,0
30/09/2020,329.5153501,334.659557,329.3076122,331.296051,104081100,324.7629333,326.5891235,328.5008158,5.104956367,331.1773385,328.0611494,328.8031006,3.1161891,51304000,-0.7122495,0,0
01/10/2020,334.0659919,335.1047115,331.4147603,333.4229736,88698700,327.1866333,326.3339813,328.2670003,4.646392266,334.659557,329.3076122,331.296051,5.3519448,104081100,-2.7699409,0,0
02/10/2020,328.1403058,333.393318,327.6357693,330.2573242,89431100,329.8655701,326.5851562,328.5625407,3.087166675,335.1047115,331.4147603,333.4229736,3.6899512,88698700,5.2826678,1,0
05/10/2020,332.4534652,336.3116051,332.4040138,336.1137695,45713100,330.8766052,326.9007355,328.6358724,1.68948231,333.393318,327.6357693,330.2573242,5.7575487,89431100,-2.196141,0,1
06/10/2020,336.2621994,338.4979555,330.7915468,331.3356323,90128900,331.9786438,328.1660095,328.8106038,2.859121464,336.3116051,332.4040138,336.1137695,3.9075913,45713100,-0.1484299,1,0
07/10/2020,334.4914055,337.963747,334.4617286,337.1030884,56999600,332.4851501,328.6240417,328.5544657,2.331573923,338.4979555,330.7915468,331.3356323,7.7064087,90128900,-3.1557732,0,0
08/10/2020,339.170625,340.1598932,338.1912289,340.0906372,45242500,333.6465576,330.4165955,328.7715068,2.954319214,337.963747,334.4617286,337.1030884,3.5020184,56999600,-2.0675366,0,0
09/10/2020,341.8515211,343.6223197,341.1887283,343.1276855,59528600,334.9800903,332.4228302,329.3834676,4.107816711,340.1598932,338.1912289,340.0906372,1.9686643,45242500,-1.7608839,0,0
12/10/2020,345.8383087,350.2207602,345.3139977,348.6478271,80388500,337.5541626,334.2153839,330.4518778,4.428492419,343.6223197,341.1887283,343.1276855,2.4335914,59528600,-2.7106232,0,1
13/10/2020,348.4994183,348.6873816,345.3436501,346.3724976,73255500,340.0609741,336.019809,332.1309977,6.481132642,350.2207602,345.3139977,348.6478271,4.9067625,80388500,0.1484088,1,0
14/10/2020,346.9858498,348.1531791,343.4146058,344.196106,57727900,343.0683472,337.7767487,333.4388102,4.650338609,348.6873816,345.3436501,346.3724976,3.3437315,73255500,-0.6133522,1,0
15/10/2020,340.0213561,344.2850995,339.4475938,343.7706909,60357700,344.4869507,339.0667542,335.1067139,3.245302163,348.1531791,343.4146058,344.196106,4.7385733,57727900,4.1747499,1,0
16/10/2020,345.2150494,346.9858481,343.3750249,343.5629883,89501900,345.2229614,340.1015259,336.6895406,2.269627796,344.2850995,339.4475938,343.7706909,4.8375057,60357700,-1.4443585,1,0
19/10/2020,344.9083553,345.5810505,337.3800388,338.3396301,68425600,345.310022,341.4320923,337.9135966,2.175561621,346.9858481,343.3750249,343.5629883,3.6108232,89501900,-1.345367,1,1
20/10/2020,339.7740745,343.1573853,338.9628974,339.6949463,60051900,343.2483826,341.6546783,338.4293335,2.963355674,345.5810505,337.3800388,338.3396301,8.2010117,68425600,-1.4344444,0,0
21/10/2020,339.6454778,341.9603922,338.7254655,339.0519409,63575000,341.9128723,342.4906097,339.1554565,2.696051934,343.1573853,338.9628974,339.6949463,4.1944879,60051900,0.0494685,1,0
22/10/2020,339.2794261,341.5349565,336.9942189,340.9117126,55399300,340.8840393,342.685495,339.6725159,2.586216828,341.9603922,338.7254655,339.0519409,3.2349267,63575000,-0.2274852,0,0
23/10/2020,342.2175676,342.2769212,339.4476285,342.0691833,49143900,340.3122437,342.7676025,340.1717651,2.048617025,341.5349565,336.9942189,340.9117126,4.5407376,55399300,-1.305855,0,0
26/10/2020,338.4583884,339.2992725,332.0182417,335.7478027,91473000,340.0134827,342.6617523,340.9592224,1.488332345,342.2769212,339.4476285,342.0691833,2.8292927,49143900,3.6107949,1,1
27/10/2020,336.1138137,336.4699358,334.3627894,334.590332,65994100,339.4951172,341.3717499,340.9348246,2.393285492,339.2992725,332.0182417,335.7478027,7.2810308,91473000,-0.366011,1,0
28/10/2020,328.5359794,334.6199729,322.630047,323.1543579,127094300,338.4741943,340.1935333,341.1518046,3.229428363,336.4699358,334.3627894,334.590332,2.1071464,65994100,6.0543526,1,0
29/10/2020,323.4016904,329.8220318,321.6012149,326.4387512,90597700,335.2946777,338.0893585,340.2218892,7.508891365,334.6199729,322.630047,323.1543579,11.9899259,127094300,-0.2473325,0,0
30/10/2020,324.7569922,326.1518641,319.1379556,323.035675,120287300,332.4000854,336.3561646,339.3117635,7.591390334,329.8220318,321.6012149,326.4387512,8.2208169,90597700,1.681759,1,0
02/11/2020,326.6564026,328.7931955,323.7281467,326.6564026,86068300,328.5933838,334.3034332,337.9722961,6.169738024,326.1518641,319.1379556,323.035675,7.0139085,120287300,-3.6207276,0,1
03/11/2020,330.1089136,334.6199743,326.7454077,332.4237976,93294200,326.7751038,333.1351105,336.5062012,4.698354593,328.7931955,323.7281467,326.6564026,5.0650488,86068300,-3.452511,0,0
04/11/2020,337.201979,344.2060155,335.9456191,339.853241,126959700,326.3417969,332.4079956,335.5762878,3.814096174,334.6199743,326.7454077,332.4237976,7.8745666,93294200,-4.7781814,0,0
05/11/2020,345.4920549,348.4104085,345.1161281,346.4813232,82039700,329.6815735,332.4881256,335.2867635,6.610940435,344.2060155,335.9456191,339.853241,8.2603964,126959700,-5.6388139,0,0
06/11/2020,346.1746181,347.7376788,343.9190878,346.4021606,74973000,333.6900879,333.0450867,335.4674723,9.568083542,348.4104085,345.1161281,346.4813232,3.2942804,82039700,0.3067051,1,0
09/11/2020,360.0639616,360.4695652,350.2603097,350.7549438,172304200,338.363385,333.4783844,335.6567505,8.733193024,347.7376788,343.9190878,346.4021606,3.818591,74973000,-13.661801,0,1
10/11/2020,349.6964544,351.3683203,346.7484541,350.2405701,85552000,343.1830933,334.9790985,336.4844381,7.166310006,360.4695652,350.2603097,350.7549438,10.2092555,172304200,1.0584894,1,0
11/11/2020,352.5752244,353.7227793,351.2496085,352.8423462,58649000,346.7464478,336.5441223,337.1874797,4.358384337,351.3683203,346.7484541,350.2405701,4.6198662,85552000,-2.3346543,0,0
12/11/2020,351.7639945,352.8917748,347.4903786,349.4194336,67546200,349.3442688,339.5129211,338.10684,2.823223475,353.7227793,351.2496085,352.8423462,2.4731708,58649000,1.0783517,1,0
13/11/2020,351.4573423,355.0483911,350.9033545,354.2569885,62892200,349.9318909,341.8109894,338.6740214,2.34334468,352.8917748,347.4903786,349.4194336,5.4013962,67546200,-2.0379087,0,0
16/11/2020,357.1060527,358.8867235,355.7309554,358.6789856,74541100,351.5028564,344.9331207,339.4865417,1.992038355,355.0483911,350.9033545,354.2569885,4.1450366,62892200,-2.8490642,0,1
17/11/2020,356.1068901,358.0359753,354.4943781,356.7499084,66111000,353.0876648,348.135379,341.0152873,3.682805861,358.8867235,355.7309554,358.6789856,3.1557681,74541100,2.5720955,1,0
18/11/2020,357.0367986,357.6204633,352.4169028,352.4564819,70591300,354.3895325,350.5679901,342.4925924,3.573654257,358.0359753,354.4943781,356.7499084,3.5415972,66111000,-0.2868902,1,0
19/11/2020,351.7838016,354.3361004,350.3493505,353.9403992,59940900,354.3123596,351.8283142,344.4460673,3.61929343,357.6204633,352.4169028,352.4564819,5.2035605,70591300,0.6726803,0,0
20/11/2020,353.6634186,353.8810589,351.4375649,351.5166931,70417300,355.2165527,352.5742218,346.2795105,2.475224398,354.3361004,350.3493505,353.9403992,3.9867499,59940900,0.2769806,1,0
23/11/2020,353.4457488,354.9692303,351.0616087,353.6238098,63230600,354.6684937,353.085675,348.178245,2.990539133,353.8810589,351.4375649,351.5166931,2.443494,70417300,-1.9290557,0,1
24/11/2020,356.3443143,359.9056861,355.4342044,359.3220215,62415900,353.6574585,353.3725616,349.9760722,1.979245783,354.9692303,351.0616087,353.6238098,3.9076216,63230600,-2.7205045,0,0
25/11/2020,359.2330237,359.2627006,357.600737,358.7680664,45330900,354.1718811,354.2807068,351.7692871,3.036055399,359.9056861,355.4342044,359.3220215,4.4714817,62415900,0.0889978,1,0
27/11/2020,359.9354011,360.2717488,358.6889133,359.7672424,28514100,355.434198,354.8732788,353.0302755,3.430948661,359.2627006,357.600737,358.7680664,1.6619636,45330900,-1.1673347,0,0
30/11/2020,358.9362253,359.2231216,355.3155297,358.1744995,83872700,356.5995667,355.9080597,353.9160034,3.769583979,360.2717488,358.6889133,359.7672424,1.5828355,28514100,0.8310171,1,1
01/12/2020,361.6467969,363.7341384,361.0136507,362.0919495,74231400,357.9311279,356.2998108,354.700826,2.480856023,359.2231216,355.3155297,358.1744995,3.9075919,83872700,-3.4722974,0,0
02/12/2020,360.9048391,363.0218574,360.2914977,362.8536987,45927000,359.6247559,356.6411072,355.4566264,1.503009905,363.7341384,361.0136507,362.0919495,2.7204877,74231400,1.1871104,0,0
03/12/2020,362.7448889,364.2386937,361.5775596,362.7547913,62882000,360.3310913,357.2514862,356.2975016,2.054022287,363.0218574,360.2914977,362.8536987,2.7303597,45927000,0.1088098,1,0
04/12/2020,363.3780423,365.8808899,363.2791094,365.8808899,50749900,361.1284363,358.2813171,356.9583313,2.069330195,364.2386937,361.5775596,362.7547913,2.6611341,62882000,-0.623251,0,0
07/12/2020,365.0597418,365.6533087,363.7737052,365.1289978,48944300,362.3511658,359.4753662,358.0557617,2.756181209,365.8808899,363.2791094,365.8808899,2.6017805,50749900,0.8211481,1,1
08/12/2020,363.7737294,366.8008879,363.7242781,366.1974487,42458900,363.7420654,360.8365967,358.7805623,1.657176807,365.6533087,363.7737052,365.1289978,1.8796035,48944300,1.3552684,0,0
09/12/2020,366.899836,367.0679947,362.0227505,362.9130859,74098300,364.5631653,362.0939606,359.2817932,1.652266585,366.8008879,363.7242781,366.1974487,3.0766098,42458900,-0.7023873,1,0
10/12/2020,361.448952,363.9122204,360.5190374,362.7943726,57735400,364.5750427,362.453067,359.6926717,1.637049179,367.0679947,362.0227505,362.9130859,5.0452442,74098300,1.4641339,1,0
11/12/2020,360.983988,362.804238,359.3616037,362.3689575,57698600,364.582959,362.8556976,360.3818644,1.626105591,363.9122204,360.5190374,362.7943726,3.393183,57735400,1.8103846,1,0
14/12/2020,364.6838807,365.8314054,360.5586186,360.746582,69216200,363.8805725,363.1158691,360.9437683,1.682804327,362.804238,359.3616037,362.3689575,3.4426343,57698600,-2.3149232,1,1
15/12/2020,363.4571573,365.6236572,361.9930596,365.6236572,63865300,363.0040894,363.3730774,361.5590942,1.984284419,365.8314054,360.5586186,360.746582,5.2727868,69216200,-2.7105753,0,0
16/12/2020,365.8511988,367.1768147,364.9113819,366.1974487,58420500,362.8893311,363.7262482,362.3590841,1.757006191,365.6236572,361.9930596,365.6236572,3.6305976,63865300,-0.2275416,0,0
17/12/2020,367.9484403,368.462849,367.0679771,368.2452087,64119500,363.5462036,364.0606232,362.8174459,2.298583993,367.1768147,364.9113819,366.1974487,2.2654328,58420500,-1.7509916,0,0
18/12/2020,368.5532189,368.732039,364.6289401,366.7748718,136542300,364.6363708,364.6096649,363.4492554,3.029316331,368.462849,367.0679771,368.2452087,1.3948719,64119500,-0.3080102,1,0
21/12/2020,362.5922836,375.9943888,359.6714347,365.4634399,96386700,365.5175537,364.6990631,363.9164307,2.839746325,368.732039,364.6289401,366.7748718,4.1030989,136542300,4.1825882,1,1
22/12/2020,365.8111549,365.9303683,363.6453646,364.8474731,47949000,366.4609253,364.7325073,364.40236,1.123348186,375.9943888,359.6714347,365.4634399,16.3229541,96386700,-0.347715,1,0
23/12/2020,365.88072,367.2119865,364.8276281,365.175354,46201400,366.3056885,364.5975098,364.5860616,1.306652427,365.9303683,363.6453646,364.8474731,2.2850037,47949000,-1.0332469,0,0
24/12/2020,365.6820191,366.6258422,365.0561489,366.5960388,26457900,366.1012695,364.8237366,364.7408386,1.4041338,367.2119865,364.8276281,365.175354,2.3843584,46201400,-0.5066651,0,0
28/12/2020,369.3181702,370.1626386,368.6525521,369.7453918,39000400,365.7714355,365.2039032,364.9969218,0.864687218,366.6258422,365.0561489,366.5960388,1.5696933,26457900,-2.7221314,0,1
29/12/2020,371.3747049,371.5634695,368.414108,369.0400085,53680500,366.3655396,365.9415466,365.2545553,2.000711274,370.1626386,368.6525521,369.7453918,1.5100865,39000400,-1.6293131,1,0
30/12/2020,369.9142847,370.6693432,369.149312,369.5665588,49455300,367.0808533,366.7708893,365.5152893,2.224410849,371.5634695,368.414108,369.0400085,3.1493615,53680500,-0.8742762,0,0
31/12/2020,369.3579194,372.2191616,368.8115147,371.4442444,78520700,368.0246704,367.1651794,365.7398966,2.03278171,370.6693432,369.149312,369.5665588,1.5200312,49455300,0.2086394,0,0
04/01/2021,372.8649023,373.0040048,362.443253,366.3873901,110210800,369.2784485,367.689859,366.3086405,1.749563573,372.2191616,368.8115147,371.4442444,3.4076469,78520700,-1.4206579,1,1
05/01/2021,365.70189,370.0732186,365.6521976,368.9108276,66426200,369.2367187,367.5040771,366.548175,1.830169438,373.0040048,362.443253,366.3873901,10.5607518,110210800,0.6855001,0,0
06/01/2021,367.3014144,374.5240714,366.7152618,371.116394,107997700,369.0698059,367.7176727,366.9842997,1.810126922,370.0732186,365.6521976,368.9108276,4.421021,66426200,1.6094132,0,0
07/01/2021,373.6497934,377.4250251,373.4610288,376.630249,68766800,369.485083,368.2829681,367.6756205,2.026795356,374.5240714,366.7152618,371.116394,7.8088096,107997700,-2.5333994,0,0
08/01/2021,378.1105356,379.0046663,374.6432819,378.7761841,71677200,370.897821,369.4612457,368.4093933,3.791411773,377.4250251,373.4610288,376.630249,3.9639963,68766800,-1.4802866,0,0
11/01/2021,375.3884069,378.1006023,375.259249,376.2229309,51034700,372.364209,370.8213287,369.2479757,5.208593156,379.0046663,374.6432819,378.7761841,4.3613844,71677200,3.3877772,1,1
12/01/2021,376.4216119,377.3852634,373.9080653,376.3023682,52547700,374.3313171,371.7840179,369.7798238,4.133327036,378.1006023,375.259249,376.2229309,2.8413533,51034700,-0.198681,0,0
13/01/2021,376.2228951,378.3787409,375.3883712,377.3157349,45303600,375.8096252,372.4397156,370.4149902,2.824620815,377.3852634,373.9080653,376.3023682,3.4771981,52547700,0.0794731,0,0
14/01/2021,378.110513,378.6470035,375.6367447,375.9943848,49989100,377.0494934,373.2672882,371.2051432,1.057061108,378.3787409,375.3883712,377.3157349,2.9903697,45303600,-0.7947781,1,0
15/01/2021,374.2657243,375.120107,371.2654101,373.2523804,107160000,376.9223206,373.9100708,371.9482707,1.153921192,378.6470035,375.6367447,375.9943848,3.0102588,49989100,1.7286605,1,0
19/01/2021,375.8751885,376.7594049,374.2955507,376.1831665,51233300,375.8175598,374.0908844,372.4867391,1.521126719,375.120107,371.2654101,373.2523804,3.8546969,107160000,-2.6228081,0,0
20/01/2021,378.6271202,382.2831687,378.2098734,381.3890381,61836100,375.8096069,375.070462,373.1258809,1.518579292,376.7594049,374.2955507,376.1831665,2.4638542,51233300,-2.4439537,0,0
21/01/2021,381.9851267,382.4421517,380.7532147,381.7367554,47840100,376.8269409,376.3182831,373.902124,2.955364971,382.2831687,378.2098734,381.3890381,4.0732953,61836100,-0.5960886,0,0
22/01/2021,379.7597196,381.6274766,379.352387,380.3856201,52860500,377.711145,377.3803192,374.7485738,3.704558085,382.4421517,380.7532147,381.7367554,1.688937,47840100,1.9770358,1,0
25/01/2021,381.1704926,382.2633021,375.9944127,381.8858032,70402000,378.5893921,377.7558563,375.4698446,3.716314172,381.6274766,379.352387,380.3856201,2.2750896,52860500,-0.7848725,0,1
26/01/2021,382.8991446,383.3362805,381.0413321,381.2897034,42665300,380.3160767,378.0668182,376.1659485,2.383243502,382.2633021,375.9944127,381.8858032,6.2688894,70402000,-1.0133414,1,0
27/01/2021,377.7429412,377.8422958,369.5864363,371.9707947,123351100,381.337384,378.5734955,377.159436,0.585460761,383.3362805,381.0413321,381.2897034,2.2949484,42665300,3.5467622,1,0
28/01/2021,373.9080847,379.4418047,373.4411757,375.1698303,94198100,379.4537354,378.1403381,377.3634338,4.223763826,377.8422958,369.5864363,371.9707947,8.2558595,123351100,-1.93729,0,0
29/01/2021,373.1828636,374.2160967,365.8707965,367.6590881,126765100,378.1403503,377.9257477,377.6336629,4.355326751,379.4418047,373.4411757,375.1698303,6.000629,94198100,1.9869667,1,0
01/02/2021,371.2853035,374.8817152,367.9670665,373.7789612,75817600,375.5950439,377.092218,377.0355855,6.088887054,374.2160967,365.8707965,367.6590881,8.3453002,126765100,-3.6262154,0,1
02/02/2021,377.1766542,380.7234037,373.8683618,379.06427,64450700,373.9736755,377.1448761,376.7024373,4.971883672,374.8817152,367.9670665,373.7789612,6.9146487,75817600,-3.397693,0,0
03/02/2021,379.9484878,381.2002889,378.0012653,379.3623352,52427100,373.5285889,377.4329865,376.8918599,4.191595377,380.7234037,373.8683618,379.06427,6.8550419,64450700,-0.8842178,0,0
04/02/2021,380.4650737,383.7237039,379.4815331,383.6740417,47142600,375.006897,377.2303162,377.0958577,4.768563372,381.2002889,378.0012653,379.3623352,3.1990236,52427100,-1.1027385,0,0
05/02/2021,385.6709714,385.9392015,383.6243943,385.1841431,48669800,376.7077393,377.4240448,377.5197449,6.15599942,383.7237039,379.4815331,383.6740417,4.2421708,47142600,-1.9969297,0,0
08/02/2021,386.7339696,388.015574,385.8199802,387.9659119,38365200,380.2127502,377.9038971,378.1323954,4.475799921,385.9392015,383.6243943,385.1841431,2.3148072,48669800,-1.5498265,0,1
09/02/2021,387.0717355,388.3434256,386.6346299,387.7075806,35551100,383.0501404,378.511908,379.1132975,3.827371788,388.015574,385.8199802,387.9659119,2.1955938,38365200,0.8941764,1,0
10/02/2021,389.5654146,389.7243759,384.9755178,387.5386963,59154400,384.7788025,379.1536957,379.8815918,3.516330556,388.3434256,386.6346299,387.7075806,1.7087957,35551100,-1.857834,1,0
11/02/2021,388.6911272,389.1382077,385.5715996,388.1645813,42913300,386.4140747,380.7104858,380.291569,1.895167679,389.7243759,384.9755178,387.5386963,4.7488581,59154400,-1.1524309,0,0
12/02/2021,387.3101991,390.3403168,387.2307033,390.0820313,50593300,387.3121826,382.0099609,380.7200907,1.213481124,389.1382077,385.5715996,388.1645813,3.5666081,42913300,0.8543822,0,0
16/02/2021,391.3933906,391.6020443,388.979229,389.7442017,50972400,388.2917603,384.2522552,381.3665181,1.029052129,390.3403168,387.2307033,390.0820313,3.1096135,50593300,-1.3113593,1,0
17/02/2021,387.8765121,390.1019093,386.7935865,389.8336792,52290600,388.6474182,385.8487793,381.8904114,1.183927689,391.6020443,388.979229,389.7442017,2.6228153,50972400,1.8676896,0,0
18/02/2021,387.0518869,388.969306,385.2139333,388.17453,59712800,389.0726379,386.9257202,382.4600098,1.14308796,390.1019093,386.7935865,389.8336792,3.3083228,52290600,2.7817923,1,0
19/02/2021,389.5157626,389.8237406,387.0121604,387.4890442,83241000,389.1998047,387.8069397,383.5402588,0.948599528,388.969306,385.2139333,388.17453,3.7553727,59712800,-1.3412326,1,0
22/02/2021,384.5383483,387.0816677,384.2204257,384.5085449,67414200,389.0646973,388.1884399,384.3615397,1.157919276,389.8237406,387.0121604,387.4890442,2.8115802,83241000,2.9506959,1,1
23/02/2021,382.1540002,386.41606,377.7230649,384.9754944,107284100,387.95,388.1208801,385.4848368,2.172205905,387.0816677,384.2204257,384.5085449,2.861242,67414200,2.3545447,0,0
24/02/2021,383.81312,389.6747069,382.7600282,389.2176819,72433900,386.9962585,387.8218384,386.2312724,2.233513164,386.41606,377.7230649,384.9754944,8.6929951,107284100,1.1623744,0,0
25/02/2021,387.8665807,389.3270052,378.2993129,379.8392029,146670500,386.8730591,387.9728485,386.9081665,2.047083252,389.6747069,382.7600282,389.2176819,6.9146787,72433900,1.3511012,1,0
26/02/2021,381.8460456,383.068013,375.765921,377.882019,152701600,385.2059937,387.2028992,386.9399577,3.558369362,389.3270052,378.2993129,379.8392029,11.0276923,146670500,-2.0068427,1,0
01/03/2021,383.0779351,388.3732279,378.0906506,387.0419312,105348800,383.2845886,386.1746429,386.5538228,4.489355966,383.068013,375.765921,377.882019,7.302092,152701600,-5.1959161,0,1
02/03/2021,387.2804199,387.5287912,383.485299,384.0217896,79595300,383.7912659,385.8706329,386.6776754,4.794611889,388.3732279,378.0906506,387.0419312,10.2825773,105348800,-0.2384887,1,0
03/03/2021,383.2766758,384.3098786,378.825851,378.9351501,119940200,383.6005249,385.2983917,386.4147339,4.754525372,387.5287912,383.485299,384.0217896,4.0434922,79595300,0.7451138,1,0
04/03/2021,378.7364222,381.4983098,369.4572743,374.2458801,183433000,381.5440186,384.2085388,385.8299052,3.856462865,384.3098786,378.825851,378.9351501,5.4840276,119940200,0.1987279,1,0
05/03/2021,377.9813758,382.2533804,370.2123445,381.1307373,152039600,380.425354,382.8156738,384.9437174,5.088924235,381.4983098,369.4572743,374.2458801,12.0410355,183433000,-3.7354957,0,0
08/03/2021,382.1540338,385.1543483,378.9351514,379.2331848,123149200,381.0750977,382.1798431,384.4747945,4.886378472,382.2533804,370.2123445,381.1307373,12.0410359,152039600,-1.0232965,1,1
09/03/2021,383.3362668,387.3698143,382.7997763,384.6476746,113633600,379.5133484,381.6523071,383.7515381,3.574248709,385.1543483,378.9351514,379.2331848,6.2191969,123149200,-4.103082,0,0
10/03/2021,387.1512303,388.8500814,385.6411438,387.0419312,109899400,379.6385254,381.6195251,383.4117696,3.776835066,387.3698143,382.7997763,384.6476746,4.570038,113633600,-2.5035557,0,0
11/03/2021,389.6746984,393.0724007,389.1878701,390.966217,86245000,381.2598816,381.4019501,383.2256531,4.955543183,388.8500814,385.6411438,387.0419312,3.2089376,109899400,-2.6327672,0,0
12/03/2021,389.5157415,391.641784,388.6514143,391.4927673,64653600,384.603949,382.5146515,383.4117655,4.672591116,393.0724007,389.1878701,390.966217,3.8845306,86245000,1.4504755,0,0
15/03/2021,391.7609875,394.1056282,389.4759838,393.8274536,73427200,386.676355,383.8757263,383.6786804,5.031170757,391.641784,388.6514143,391.4927673,2.9903697,64653600,-0.2682202,0,1
16/03/2021,394.483196,395.2382242,392.5061398,393.3307495,73722500,389.5952087,384.5542786,384.299941,3.687465591,394.1056282,389.4759838,393.8274536,4.6296444,73427200,-0.6557424,1,0
17/03/2021,391.9597106,395.5263187,390.7377129,394.671936,97959300,391.3318237,385.4851746,384.856958,2.6826583,395.2382242,392.5061398,393.3307495,2.7320844,73722500,1.3710389,0,0
18/03/2021,391.9100515,394.1354487,388.2043408,388.9295959,115349100,392.8578247,387.0588531,385.220575,1.572927143,395.5263187,390.7377129,394.671936,4.7886058,97959300,2.7618845,1,0
19/03/2021,388.6086505,390.293142,385.8875418,388.2099609,113624500,392.4505005,388.5272247,385.8266012,2.286899414,394.1354487,388.2043408,388.9295959,5.9311079,115349100,0.3209454,1,0
22/03/2021,388.7581344,392.7849687,388.6983325,391.3097839,73778600,391.7939392,389.2351471,386.5151306,2.992874665,390.293142,385.8875418,388.2099609,4.4056002,113624500,-0.5481735,0,1
23/03/2021,390.6320339,392.1769673,387.3926317,388.2298889,90686600,391.2904053,390.442807,386.7996541,2.768604722,392.7849687,388.6983325,391.3097839,4.0866362,73778600,0.67775,1,0
24/03/2021,389.7249801,391.4692735,386.2064924,386.2563171,97588600,390.2702332,390.8010284,387.0801941,2.768604722,392.1769673,387.3926317,388.2298889,4.7843356,90686600,-1.4950912,1,0
25/03/2021,384.7213592,389.2764336,382.6481248,388.4292297,116128600,388.5871094,390.722467,387.5682719,1.81883848,391.4692735,386.2064924,386.2563171,5.2627811,97588600,1.5349579,0,0
26/03/2021,389.6552006,395.1173417,389.0173034,394.6887512,114409100,388.4870361,390.4687683,388.5138285,1.809022479,389.2764336,382.6481248,388.4292297,6.6283088,116128600,-1.2259709,0,0
29/03/2021,393.1139055,395.4562486,391.529094,394.4894104,108107600,389.7827942,390.7883667,389.4176961,3.28176035,395.1173417,389.0173034,394.6887512,6.1000383,114409100,1.5748457,1,1
30/03/2021,393.1338539,394.160494,391.7383948,393.4428406,76262200,390.4187195,390.8545624,390.4347778,3.901228575,395.4562486,391.529094,394.4894104,3.9271546,108107600,1.3555565,1,0
31/03/2021,394.0508357,396.7021654,394.0209347,395.0375977,112734200,391.4613098,390.8657715,391.0211222,3.866448425,394.160494,391.7383948,393.4428406,2.4220992,76262200,-0.6079951,0,0
01/04/2021,397.1008346,399.3634517,396.8815508,399.3036194,99682900,393.2175659,390.9023376,391.5541667,2.741961076,396.7021654,394.0209347,395.0375977,2.6812307,112734200,-2.0632369,0,0
05/04/2021,402.1443443,405.6130073,402.0646186,405.0348816,91684800,395.3924438,391.93974,392.1099935,2.265767836,399.3634517,396.8815508,399.3036194,2.4819009,99682900,-2.8407249,0,1
06/04/2021,404.4368733,405.9120278,404.0780314,404.7956848,62021000,397.4616699,393.6222321,393.0128011,4.785597015,405.6130073,402.0646186,405.0348816,3.5483887,91684800,0.5980083,1,0
07/04/2021,404.6162553,405.6329182,404.1278629,405.2641296,55836300,399.5229248,394.9708221,393.7440165,5.369295682,405.9120278,404.0780314,404.7956848,1.8339964,62021000,0.1794295,0,0
08/04/2021,406.5997633,407.2476376,405.6030242,407.1878357,57863100,401.8871826,396.6742462,394.5395752,4.565160955,405.6329182,404.1278629,405.2641296,1.5050553,55836300,-1.3356337,0,0
09/04/2021,407.058296,410.327599,406.928715,410.1481628,61104600,404.3172302,398.7673981,395.3739685,2.95876791,407.2476376,405.6030242,407.1878357,1.6446134,57863100,0.1295397,0,0
12/04/2021,409.5102666,410.5867314,408.8623922,410.297699,56704900,406.4861389,400.9392914,396.7885396,2.256096583,410.327599,406.928715,410.1481628,3.398884,61104600,0.6378962,0,1
13/04/2021,410.1880223,412.1815004,409.7793557,411.5136719,56551000,407.5387024,402.5001862,398.2610555,2.609706883,410.5867314,408.8623922,410.297699,1.7243392,56704900,0.1096767,0,0
14/04/2021,411.4837813,412.6101013,409.5301812,410.1083069,61659900,408.8822998,404.2026123,399.6079814,2.573530988,412.1815004,409.7793557,411.5136719,2.4021447,56551000,0.0298906,1,0
15/04/2021,412.3908263,414.8029484,412.3410016,414.5138855,60229800,409.8511353,405.8691589,401.0665426,1.597730763,412.6101013,409.5301812,410.1083069,3.0799201,61659900,-2.2825194,0,0
16/04/2021,415.8893759,416.5472273,414.3743435,415.899353,82037300,411.3163452,407.8167877,402.9503805,1.87915197,414.8029484,412.3410016,414.5138855,2.4619468,60229800,-1.3754904,0,0
19/04/2021,414.9026123,415.3810276,412.4406656,413.8560181,78498500,412.4665833,409.4763611,404.781722,2.60523134,416.5472273,414.3743435,415.899353,2.1728838,82037300,0.9967407,1,1
20/04/2021,412.5602745,413.7364193,409.2510935,410.8259583,81851800,413.1782471,410.3584747,406.0595398,2.336828218,415.3810276,412.4406656,413.8560181,2.940362,78498500,1.2957436,1,0
21/04/2021,410.1680987,414.9325101,410.0185635,414.7132263,66793000,413.0407043,410.9615021,407.148643,2.475425548,413.7364193,409.2510935,410.8259583,4.4853258,81851800,0.6578596,0,0
22/04/2021,414.5338499,415.4209319,409.7893619,410.9256287,97582800,413.9616882,411.9064117,408.5666687,1.901857307,414.9325101,410.0185635,414.7132263,4.9139466,66793000,0.1793764,1,0
23/04/2021,411.523667,416.8861283,411.4439413,415.3810425,73209200,413.2440369,412.280191,409.6258708,2.280672233,415.4209319,409.7893619,410.9256287,5.63157,97582800,-0.5980383,0,0
26/04/2021,416.0787709,416.8562261,415.4508204,416.2481995,52182400,413.1403748,412.803479,410.697699,2.137067105,416.8861283,411.4439413,415.3810425,5.442187,73209200,-0.6977284,0,1
27/04/2021,416.567175,416.7765121,414.9424854,416.1585083,51303100,413.618811,413.3985291,411.4452535,2.562720524,416.8562261,415.4508204,416.2481995,1.4054057,52182400,-0.3189755,1,0
28/04/2021,416.4475461,417.6436451,415.5405099,416.0388794,51238900,414.685321,413.8630127,412.2027751,2.192770136,416.7765121,414.9424854,416.1585083,1.8340267,51303100,-0.2890378,1,0
29/04/2021,418.949378,419.3480675,415.0820255,418.6902161,78544300,414.9504517,414.4560699,412.9210917,2.275567718,417.6436451,415.5405099,416.0388794,2.1031352,51238900,-2.9104986,0,0
30/04/2021,416.2681499,417.1751861,414.982348,415.939209,85527000,416.5033691,414.873703,413.6879171,1.269025993,419.3480675,415.0820255,418.6902161,4.266042,78544300,2.4220662,1,0
03/05/2021,418.0622733,418.47094,416.3080332,416.8363037,68128300,416.6150024,414.8776886,414.0739868,1.165982147,417.1751861,414.982348,415.939209,2.1928381,85527000,-2.1230643,0,1
04/05/2021,414.7132542,415.2415248,410.3276082,414.2647095,101591200,416.7326233,415.1757172,414.5098938,1.149273028,418.47094,416.3080332,416.8363037,2.1629068,68128300,2.1230495,1,0
05/05/2021,416.0189767,416.2681615,413.7962376,414.3942871,60162200,416.3538635,415.5195923,414.6932963,1.606783259,415.2415248,410.3276082,414.2647095,4.9139166,101591200,-1.7542672,0,0
06/05/2021,414.4740053,417.8429883,412.3310224,417.7034607,74321400,416.0249451,415.4876984,414.9790283,1.838939758,416.2681615,413.7962376,414.3942871,2.4719239,60162200,-0.0797182,0,0
07/05/2021,418.5207911,421.4412293,417.7931606,420.7434998,67733800,415.827594,416.1654816,415.1916667,1.503812299,417.8429883,412.3310224,417.7034607,5.5119659,74321400,-0.8173304,0,0
10/05/2021,421.1222764,421.361484,416.4475675,416.5771484,81852400,416.7884521,416.7017273,415.5146098,2.673164572,421.4412293,417.7931606,420.7434998,3.6480687,67733800,-0.3787766,1,1
11/05/2021,411.7529177,413.9158244,408.7228224,412.8592834,116888000,416.7366211,416.7346222,415.6960185,2.674516896,421.361484,416.4475675,416.5771484,4.9139165,81852400,4.8242307,1,0
12/05/2021,409.8890417,411.2445923,402.6826069,404.0880127,134811000,416.4555359,416.4046997,415.8315735,3.047151055,413.9158244,408.7228224,412.8592834,5.193002,116888000,2.9702417,1,0
13/05/2021,405.7425842,411.0053653,405.692729,408.9421082,106394000,414.394281,415.209613,415.1232259,6.414895618,411.2445923,402.6826069,404.0880127,8.5619854,134811000,-1.6545715,0,0
14/05/2021,411.8625517,416.1285938,411.8326508,415.2215576,82201600,412.6420105,414.2348022,414.9909912,6.481257634,411.0053653,405.692729,408.9421082,5.3126363,106394000,-2.9204435,0,0
17/05/2021,414.035458,415.0321971,412.0120485,414.1650085,65129200,411.5376221,414.1630371,414.9803589,5.073173766,416.1285938,411.8326508,415.2215576,4.295943,82201600,1.1860996,1,1
18/05/2021,414.4441086,414.7032705,410.4272512,410.5967102,59810200,411.0551941,413.8959076,414.8414795,4.56319565,415.0321971,412.0120485,414.1650085,3.0201486,65129200,-0.2791001,1,0
19/05/2021,405.5930787,409.7095855,404.0082368,409.5202026,106467100,410.6026794,413.5291077,414.470693,4.450355033,414.7032705,410.4272512,410.5967102,4.2760193,59810200,5.0036315,1,0
20/05/2021,410.4571488,415.2714156,410.3275982,413.9258118,78022200,411.6891174,413.0416992,414.0361145,2.83071437,409.7095855,404.0082368,409.5202026,5.7013487,106467100,-0.9369462,0,0
21/05/2021,415.5106132,416.8362932,413.0985216,413.5869141,76578700,412.6858582,412.6639343,413.7184875,2.476946538,415.2714156,410.3275982,413.9258118,4.9438174,78022200,-1.5848014,1,0
24/05/2021,415.9790816,418.949375,415.7199197,417.8031311,51376700,412.3589294,411.9482758,413.5616679,2.144106731,416.8362932,413.0985216,413.5869141,3.7377716,76578700,-2.3921675,0,1
25/05/2021,418.9593408,419.3381065,416.2581863,416.8761597,57451400,413.086554,412.070874,413.626123,3.244957532,418.949375,415.7199197,417.8031311,3.2294553,51376700,-1.1562097,1,0
26/05/2021,417.5041007,418.2416779,416.3977349,417.7034607,43088600,414.3424438,412.4725616,413.8002197,3.255552564,419.3381065,416.2581863,416.8761597,3.0799202,57451400,-0.627941,0,0
27/05/2021,418.7998647,419.348059,417.6236895,417.9227295,56707700,415.9790955,413.8341064,414.0208313,2.06420514,418.2416779,416.3977349,417.7034607,1.843943,43088600,-1.096404,0,0
28/05/2021,419.5972481,419.8763338,418.4211033,418.6702881,58520200,416.778479,414.7321686,414.0354492,1.831013416,419.348059,417.6236895,417.9227295,1.7243695,56707700,-1.6745186,0,0